time,unit,iteration,role,model,tokens_in,cache_read,tokens_out,cost_usd,turns,error
2026-09-24T21:52:13Z,02,1,maker,opus,2717459,2561192,55029,2.8627,45,
2026-09-24T21:54:00Z,02,1,judge,sonnet,29469,0,10850,0.2264,2,
2026-09-24T21:54:23Z,02,2,maker,opus,313956,304977,1945,0.1717,10,
2026-09-24T21:55:48Z,02,2,judge,sonnet,29477,5100,8392,0.1824,2,
2026-09-24T23:26:28Z,02,1,maker,opus,8790740,8516738,114083,6.1766,85,
2026-09-24T23:29:02Z,02,1,judge,sonnet,49247,0,13114,0.3281,2,
2026-09-24T23:30:33Z,02,2,maker,opus,951115,925262,8358,0.5589,21,
2026-09-24T23:32:40Z,02,2,judge,sonnet,49304,5104,10588,0.2837,2,
2026-09-24T23:33:48Z,02,3,maker,opus,584790,558885,6702,0.453,20,
2026-09-24T23:36:45Z,02,3,judge,sonnet,49516,5104,15000,0.3287,2,
2026-09-25T00:41:58Z,00,1,maker,opus,7230092,7005973,94700,5.0878,65,
2026-09-25T00:45:28Z,00,1,judge,sonnet,53183,0,17837,0.3911,2,
2026-09-25T01:05:05Z,01,1,maker,opus,9000874,8730296,121805,6.3464,93,
2026-09-25T01:07:39Z,01,1,judge,sonnet,62696,5104,13363,0.365,2,
2026-09-25T01:08:38Z,01,2,maker,opus,473963,452496,6000,0.3822,17,
2026-09-25T01:10:43Z,01,2,judge,sonnet,62824,5104,10369,0.3356,2,
2026-09-25T01:21:33Z,03,1,maker,opus,4538078,4336171,64397,3.7702,41,success
2026-09-25T01:21:38Z,03,2,maker,opus,0,0,0,0.0,1,success
2026-09-25T01:21:44Z,04,1,maker,opus,0,0,0,0.0,1,success
2026-09-25T01:21:46Z,04,2,maker,opus,0,0,0,0.0,1,success
2026-09-25T01:21:49Z,05,1,maker,opus,0,0,0,0.0,1,success
2026-09-25T01:21:51Z,05,2,maker,opus,0,0,0,0.0,1,success
2026-09-25T01:21:55Z,06,1,maker,opus,0,0,0,0.0,1,success
2026-09-25T01:21:57Z,06,2,maker,opus,0,0,0,0.0,1,success
2026-09-25T01:22:01Z,07,1,maker,opus,0,0,0,0.0,1,success
2026-09-25T01:22:02Z,07,2,maker,opus,0,0,0,0.0,1,success
2026-09-25T01:22:06Z,08,1,maker,opus,0,0,0,0.0,1,success
2026-09-25T01:22:08Z,08,2,maker,opus,0,0,0,0.0,1,success
2026-09-25T01:22:11Z,09,1,maker,opus,0,0,0,0.0,1,success
2026-09-25T01:22:13Z,09,2,maker,opus,0,0,0,0.0,1,success
2026-09-25T01:22:17Z,10,1,maker,opus,0,0,0,0.0,1,success
2026-09-25T01:22:18Z,10,2,maker,opus,0,0,0,0.0,1,success
2026-09-25T01:22:22Z,11,1,maker,opus,0,0,0,0.0,1,success
2026-09-25T01:22:23Z,11,2,maker,opus,0,0,0,0.0,1,success
2026-09-25T01:22:27Z,12,1,maker,opus,0,0,0,0.0,1,success
2026-09-25T01:22:29Z,12,2,maker,opus,0,0,0,0.0,1,success
2026-09-25T01:22:33Z,13,1,maker,opus,0,0,0,0.0,1,success
2026-09-25T01:22:34Z,13,2,maker,opus,0,0,0,0.0,1,success
2026-09-25T01:22:38Z,14,1,maker,opus,0,0,0,0.0,1,success
2026-09-25T01:22:40Z,14,2,maker,opus,0,0,0,0.0,1,success
2026-09-25T01:22:43Z,15,1,maker,opus,0,0,0,0.0,1,success
2026-09-25T01:22:45Z,15,2,maker,opus,0,0,0,0.0,1,success
2026-09-25T01:22:49Z,16,1,maker,opus,0,0,0,0.0,1,success
2026-09-25T01:22:50Z,16,2,maker,opus,0,0,0,0.0,1,success
2026-09-25T01:22:54Z,17,1,maker,opus,0,0,0,0.0,1,success
2026-09-25T01:22:56Z,17,2,maker,opus,0,0,0,0.0,1,success
2026-09-25T01:23:00Z,18,1,maker,opus,0,0,0,0.0,1,success
2026-09-25T01:23:01Z,18,2,maker,opus,0,0,0,0.0,1,success
2026-09-25T01:23:05Z,19,1,maker,opus,0,0,0,0.0,1,success
2026-09-25T01:23:07Z,19,2,maker,opus,0,0,0,0.0,1,success
2026-09-25T01:23:10Z,20,1,maker,opus,0,0,0,0.0,1,success
2026-09-25T01:23:12Z,20,2,maker,opus,0,0,0,0.0,1,success
2026-09-25T01:23:15Z,21,1,maker,opus,0,0,0,0.0,1,success
2026-09-25T01:23:17Z,21,2,maker,opus,0,0,0,0.0,1,success
2026-09-25T04:29:26Z,03,1,maker,opus,3350393,3177963,35051,2.7158,34,
2026-09-25T04:31:33Z,03,1,judge,sonnet,61792,0,10279,0.35,2,
2026-09-25T04:49:01Z,04,1,maker,opus,10977244,10697109,105267,6.4854,76,
2026-09-25T04:51:57Z,04,1,judge,sonnet,69428,5104,14251,0.4008,2,
2026-09-25T05:09:07Z,05,1,maker,opus,8391968,8137890,106388,5.7876,98,
2026-09-25T05:11:35Z,05,1,judge,sonnet,67945,5104,11997,0.3724,2,
2026-09-25T05:30:41Z,06,1,maker,opus,9172800,8899714,119378,6.3518,96,
2026-09-25T05:32:23Z,06,1,judge,sonnet,76976,5104,8173,0.3702,2,
2026-09-25T05:44:04Z,07,1,maker,opus,5800501,5598573,68775,4.1103,46,success
2026-09-25T09:21:03Z,07,1,maker,opus,4692132,4498312,45370,3.3573,47,
2026-09-25T09:22:36Z,07,1,judge,sonnet,73442,0,9009,0.3839,2,
