iteration,started_at,action,check_result,stop_reason,tokens_in,tokens_out,diff_lines,note
1,2026-09-24T21:42:42Z,agent,fail,,,,0,"JUDGE NOT YET · R1=5 R2=5 R3=5 R4=5 R5=5 R6=4 R7=5 R8=5"
2,2026-09-24T21:54:00Z,agent,pass,DONE,,,0,"JUDGE PASS · R1=5 R2=5 R3=5 R4=5 R5=5 R6=5 R7=5 R8=5"
1,2026-09-24T23:08:01Z,agent,fail,,,,5,"JUDGE NOT YET · R1=5 R2=5 R3=5 R4=5 R5=5 R6=4 R7=5 R8=5 R9=5"
2,2026-09-24T23:29:02Z,agent,fail,,,,11,"JUDGE NOT YET · R1=5 R2=5 R3=5 R4=5 R5=5 R6=4 R7=5 R8=5 R9=5"
3,2026-09-24T23:32:40Z,agent,pass,DONE,,,17,"JUDGE PASS · R1=5 R2=5 R3=5 R4=5 R5=5 R6=5 R7=5 R8=5 R9=5"
1,2026-09-25T00:26:31Z,agent,pass,DONE,,,7,"JUDGE PASS · R1=5 R2=5 R3=4 R4=4 R5=5 R6=5 R7=5 R8=5 R9=5"
1,2026-09-25T00:45:30Z,agent,fail,,,,7,"JUDGE NOT YET · R1=5 R2=5 R3=5 R4=5 R5=5 R6=4 R7=4 R8=5 R9=5"
2,2026-09-25T01:07:39Z,agent,pass,DONE,,,13,"JUDGE PASS · R1=5 R2=5 R3=5 R4=5 R5=5 R6=5 R7=5 R8=5 R9=5"
1,2026-09-25T01:10:46Z,agent,fail,,,,3,"NOT YET · COUNT-UNBACKED×5 GREEK-TRANSLIT×3 QUOTE-UNREFERENCED×2 SCRIPTURE-NEARMISS×1 STRUCTURE×3"
2,2026-09-25T01:21:36Z,agent,fail,STUCK,,,5,"NOT YET · COUNT-UNBACKED×5 GREEK-TRANSLIT×3 QUOTE-UNREFERENCED×2 SCRIPTURE-NEARMISS×1 STRUCTURE×3"
1,2026-09-25T01:21:43Z,agent,fail,,,,3,"NOT YET · MISSING×1"
2,2026-09-25T01:21:44Z,agent,fail,STUCK,,,5,"NOT YET · MISSING×1"
1,2026-09-25T01:21:48Z,agent,fail,,,,3,"NOT YET · MISSING×1"
2,2026-09-25T01:21:50Z,agent,fail,STUCK,,,5,"NOT YET · MISSING×1"
1,2026-09-25T01:21:54Z,agent,fail,,,,3,"NOT YET · MISSING×1"
2,2026-09-25T01:21:55Z,agent,fail,STUCK,,,5,"NOT YET · MISSING×1"
